marka,markalogo
ZO SKIN HEALTH,https://static.ticimax.cloud/cdn-cgi/image/width=114,quality=99/53520/uploads/marka/zo-skin-health-90.png?gt=638459552197660131
AUGUSTINUS BADER,https://static.ticimax.cloud/cdn-cgi/image/width=114,quality=99/53520/uploads/marka/augustinus-bader-148.png?gt=638459552197660131
BIOLOGIQUE RECHERCHE,https://static.ticimax.cloud/cdn-cgi/image/width=114,quality=99/53520/uploads/marka/biologique-recherche-110.png?gt=638459552197660131
VALMONT,https://static.ticimax.cloud/cdn-cgi/image/width=114,quality=99/53520/uploads/marka/valmont-137.png?gt=638459552197660131
MBR,https://static.ticimax.cloud/cdn-cgi/image/width=114,quality=99/53520/uploads/marka/mbr-108.png?gt=638459552197660131
SKINCEUTICALS,https://static.ticimax.cloud/cdn-cgi/image/width=114,quality=99/53520/uploads/marka/skinceuticals-102.png?gt=638459552197660131
NEOSTRATA,https://static.ticimax.cloud/cdn-cgi/image/width=114,quality=99/53520/uploads/marka/neostrata-95.png?gt=638459552197660131
IS CLINICAL,https://static.ticimax.cloud/cdn-cgi/image/width=114,quality=99/53520/uploads/marka/is-clinical-127.png?gt=638459552197660131
ALPHASCIENCE,https://static.ticimax.cloud/cdn-cgi/image/width=114,quality=99/53520/uploads/marka/alphascience-77.png?gt=638459552197660131
BELLEFONTAINE S.,https://static.ticimax.cloud/cdn-cgi/image/width=114,quality=99/53520/uploads/marka/bellefontaine-s.-70.png?gt=638459552197660131
ESTHEDERM,https://static.ticimax.cloud/cdn-cgi/image/width=114,quality=99/53520/uploads/marka/esthederm-141.png?gt=638459552197660131
FORLLED,https://static.ticimax.cloud/cdn-cgi/image/width=114,quality=99/53520/uploads/marka/forlled-94.png?gt=638459552197660131
GENOSYS,https://static.ticimax.cloud/cdn-cgi/image/width=114,quality=99/53520/uploads/marka/genosys-87.png?gt=638459552197660131
LAZARTIGUE,https://static.ticimax.cloud/cdn-cgi/image/width=114,quality=99/53520/uploads/marka/lazartigue-117.png?gt=638459552197660131
K18,https://static.ticimax.cloud/cdn-cgi/image/width=114,quality=99/53520/uploads/marka/k18-146.png?gt=638459552197660131
MSB,https://static.ticimax.cloud/cdn-cgi/image/width=114,quality=99/53520/uploads/marka/msb-129.png?gt=638459552197660131
MURAD,https://static.ticimax.cloud/cdn-cgi/image/width=114,quality=99/53520/uploads/marka/murad-119.png?gt=638459552197660131
LEONOR GREYL,https://static.ticimax.cloud/cdn-cgi/image/width=114,quality=99/53520/uploads/marka/leonor-greyl-142.png?gt=638459552197660131
LUMENE,https://static.ticimax.cloud/cdn-cgi/image/width=114,quality=99/53520/uploads/marka/lumene-118.png?gt=638459552197660131
REVITALASH,https://static.ticimax.cloud/cdn-cgi/image/width=114,quality=99/53520/uploads/marka/revitalash-79.png?gt=638459552197816411
