P-0650||10% Vitamin C Self Activating 50 ML||https://static.ticimax.cloud/cdn-cgi/image/width=76,quality=85/53520/uploads/urunresimleri/buyuk/10-vitamin-c-self-activating-50-ml-a258-4.jpeg||none||none||none||CİLT BAKIM ÜRÜNLERİ > SERUM > Vitamin C %10||5.300,00
P-1470||24 H Repairing Serum 45 ML||https://static.ticimax.cloud/cdn-cgi/image/width=76,quality=85/53520/uploads/urunresimleri/buyuk/24-h-repairing-serum-45-ml-3753ef.jpeg||none||none||none||CİLT BAKIM ÜRÜNLERİ > SERUM > Özel Bakımlar||1
P-1752||8 - Flower Golden Nectar Youth Renewing 30ML||https://static.ticimax.cloud/cdn-cgi/image/width=76,quality=85/53520/uploads/urunresimleri/buyuk/8-flower-golden-nectar-youth-renewing--ad6-96.jpeg||none||none||none||CİLT BAKIM ÜRÜNLERİ > BAKIM YAĞI > Altın Tanecikli Aromatik Bakım Yağı||4.749,00
P-1751||8 - Flower Nectar 15ML||Faydaları: Olgun cilt tiplerine uygun aromatik bakım İçeriğinde 8 değerli ve antioksidan zengini botanik içerikler bulundurur. Daha genç görünüm kazandırmaya yardımcı olur. Cildi korumaya ve aydınlık görünüm kazandırmaya yardımcı olur. Cildi besler, cilde yumuşak bir his kazandırır. Kuruluk kaynaklı cilt problemlerini azaltır. Kullanımı: Gece. Uygun serum veya aromatik bakımdan sonra uygulayın. Botanik İçerikler: Lavanta, Neroli, Gül, Ylang Ylang, Yasemin, Ölmez Otu, İris, Paçuli, Jojoba, Ayçiçeği, Avokado, Kayısı, Macadamia, Zeytin||https://static.ticimax.cloud/cdn-cgi/image/width=76,quality=85/53520/uploads/urunresimleri/buyuk/8-flower-nectar-15ml--49e7-.jpeg||none||none||none||CİLT BAKIM ÜRÜNLERİ > BAKIM YAĞI > Olgun Ciltller İçin Bakım Yağı||DARPHIN||5.365,00
P-0614||ABC Vitamin Kit (3 Ürün)||VITA A Krem 20 ML VITA B3 Krem 20 ML VITA C Krem 20 ML||https://static.ticimax.cloud/cdn-cgi/image/width=76,quality=85/53520/uploads/urunresimleri/buyuk/abc-vitamin-kit-3-urun-63b-df.jpeg||none||none||none||CİLT BAKIM ÜRÜNLERİ > SERUM > Vita A Krem/Vita B Krem/Vita C Krem (20ML)||PH FORMULA||1
P-1253||AC Clear Cream 50ml||https://static.ticimax.cloud/cdn-cgi/image/width=76,quality=85/53520/uploads/urunresimleri/buyuk/ac-clear-cream-50ml-fd3-42.jpeg||none||none||none||CİLT BAKIM ÜRÜNLERİ > KREM > Akneli Ciltler İçin Krem||1
P-1252||AC Clear Essence 30ml||Güçlü bir rahatlatıcı ve enflamasyon engelleyici bir etkisi vardır. Aşırı yağ üretimini azaltır, cildin hem derinliklerinde hem de korneum tabakasında onarımını ve nemlendirilmesini sağlar. Patojen bakterilerin yeniden üreyerek lezyon ve yangı yapmalarını önler.||https://static.ticimax.cloud/cdn-cgi/image/width=76,quality=85/53520/uploads/urunresimleri/buyuk/ac-clear-essence-30ml-46a9-7.jpeg||none||none||none||CİLT BAKIM ÜRÜNLERİ > SERUM > Sebum Düzenleyici ve Kurutucu Serum||FORLLED||1
P-1251||AC Clear Lotion 120ml||Cildin bozulmuş mikro florasını düzenleyen, PH değerlerini normalleştiren, patojen bakterilerin üremesini durduran, koruyucu faydalı bakteri florası oluşmasına yardımcı olan bir losyondur. Hafif peeling ve sebum düzenleyici etki yaratır. Bir yandan da cildin nem seviyesini dengeler.||https://static.ticimax.cloud/cdn-cgi/image/width=76,quality=85/53520/uploads/urunresimleri/buyuk/ac-clear-lotion-120ml-9a458c.jpeg||none||none||none||CİLT BAKIM ÜRÜNLERİ > LOSYON > Nemlendirici ve Düzenleyici Losyon||FORLLED||1
P-1254||AC Clear Mattifier 50||https://static.ticimax.cloud/cdn-cgi/image/width=76,quality=85/53520/uploads/urunresimleri/buyuk/ac-clear-mattifier-50-127-cf.jpeg||none||none||none||CİLT BAKIM ÜRÜNLERİ > KREM > Sebum Düzenleyici ve Matlaştırıcı Gündüz Kremi||1
P-0628||AC Recovery 30 ML||A.C. Recovery, pH Formula cilt yenileme bakımlarıyla uyum içinde çalışması için özel olarak formüle edilmiştir.||https://static.ticimax.cloud/cdn-cgi/image/width=76,quality=85/53520/uploads/urunresimleri/buyuk/ac-recovery-30-ml-0-502a.jpeg||none||none||none||CİLT BAKIM ÜRÜNLERİ > KREM > Problemli Cilt Gündüz/Gece Kremi||1
P-0627||AC Resurfacing Kit (4 Ürün)||https://static.ticimax.cloud/cdn-cgi/image/width=76,quality=85/53520/uploads/urunresimleri/buyuk/ac-resurfacing-kit-4-urun-c59f1-.jpeg||none||none||none||CİLT BAKIM ÜRÜNLERİ > KIT PROGRAM > Akne Karşıtı Ev Bakım Kiti||PH FORMULA||1
P-0613||Acerola Mask 250 ML||İçeriğindeki C vitamini cildin daha sağlıklı görünmesine ve eşitsiz cilt tonunu dengelemeyi sağlar.||https://static.ticimax.cloud/cdn-cgi/image/width=76,quality=85/53520/uploads/urunresimleri/buyuk/acerola-mask-250-ml-8c0966.jpeg||none||none||none||CİLT BAKIM ÜRÜNLERİ > MASKE > Aydınlatıcı ve Yenileyici Maske||THERADERM||1
P-0610||ACNE Spot On 20 ML||Akne ve sivilceye eğilimli ciltler için kurutucu solüsyon.||https://static.ticimax.cloud/cdn-cgi/image/width=76,quality=85/53520/uploads/urunresimleri/buyuk/acne-spot-on-20-ml-302a8c.jpeg||none||none||none||CİLT BAKIM ÜRÜNLERİ > KREM > Lokal Bakım Ürünü||PH FORMULA||1
P-1936||ACTISILK ADVANCED CLEANSING FOAM 150 ML||Cildi kendi doğal yağından arındırmadan gün boyu maruz kalınan çevresel etmenlerden ve makyaj ürünlerinden cildi arındırır. Göz makyajı çıkarmak için de uygundur. İçerdiği ipek proteini, mikro-peeling etkisi ile cildi ölü derilerden arındırırken, oluşturduğu ince film tabakası bariyeri sayesinde cildinizin parlamasını ve ipeksi bir yumuşaklık kazanmasını sağlamaya yardımcı olur. Cildi derinlemesine nemlendirir. UV’ye karşı koruyucu özelliği olan bileşenler içermesi sayesinde, cildinizin güneşten korunmasına yardımcı olur.||https://static.ticimax.cloud/cdn-cgi/image/width=76,quality=85/53520/uploads/urunresimleri/buyuk/actisilk-advanced-cleansing-foam-150-m-c14d2e.jpeg||none||none||none||CİLT BAKIM ÜRÜNLERİ > KÖPÜK > Micro-Peeling Etkili Temizleme Köpüğü||ACTISILK||525,00
P-1666||ACTISILK DAILY MOISTURISING UV PROTECTOR||Cildi zararlı UV ışınlarına karşı korumaya yardımcı olur.Aşırı parlamayı önler ve taze bir his bırakır. Hyaluronik Asit ve Shea Yağı cildin günlük nemlendirilmesini ve korumayı destekler. ACTISLIK Non-Visible Güneş koruyucu cilde uygulandıktan hemen sonra kısa bir masajla görünmez hale gelip cilde oturur ve korumaya başlar. ACTISILK , aynı zamanda doyurucu bir nemlendirici etkiye sahiptir.||https://static.ticimax.cloud/cdn-cgi/image/width=76,quality=85/53520/uploads/urunresimleri/buyuk/actisilk-daily-moisturising-uv-protect-3-860f.jpeg||none||none||none||CİLT BAKIM ÜRÜNLERİ > GÜNEŞ KORUMA > Yaşlanma Karşıtı Güneş Koruyucu||ACTISILK||650,00
P-3569||Active Clay Cleanser 150 ML||Çift-etkiye sahip, minerallerce zengin kil ve kömür içeren bu formül, cildi temizler ve arındırır. Kaolin Kili aşırı yağı emer ve Aktif Binchotan Kömürü cildi dengelemek için birikimleri güçlü bir şekilde ciltten söker. Bitkisel lipitler ve Murumuru Çekirdeği, ciltten yağın fazlasını sökerken doğal lipit bariyerini korumaya ve sağlıklı bir mikrobiyomu desteklemeye yardımcı olur. Bioflavonoid bakımından zengin kompleks, Turunçgil, Aloe ve Brokoli Özü ile gözenekleri arındırmaya yardımcı olurken, cildi pürüzsüzleştirir, arındırır ve canlandırır.||https://static.ticimax.cloud/cdn-cgi/image/width=76,quality=85/53520/uploads/urunresimleri/buyuk/active-clay-cleanser-150-ml-de5b23.jpeg||none||none||none||CİLT BAKIM ÜRÜNLERİ > TEMİZLEME > Yağlı Ciltler İçin Kil ve Kömür İçeren Temizleyici||DERMALOGICA||1.915,00
P-0625||Active Formula 20 ML||Hazırlık bakımı ürünü olarak pH formula cilt yenileme uygulamaları öncesinde kullanılmak için özel olarak formül edilmiştir.||https://static.ticimax.cloud/cdn-cgi/image/width=76,quality=85/53520/uploads/urunresimleri/buyuk/active-formula-20-ml-5b-52c.jpeg||none||none||none||CİLT BAKIM ÜRÜNLERİ > KREM > Hazırlık Bakım Ürünü||PH FORMULA||1
P-3578||Active Moist 100 ML||İnce ve uygulaması kolay bu formül, Prebiyotik Nem Kompleksi ile bitki özlerinin benzersiz bir kombinasyonunu içerir ve cilt dokusunu düzenlemeye ve cilt yüzeyindeki nemsizliği azaltmaya yardımcı olur. Limon, Salatalık ve Dulavrat bitkisel özleri ile cildi arındırmaya yardımcı olur.||https://static.ticimax.cloud/cdn-cgi/image/width=76,quality=85/53520/uploads/urunresimleri/buyuk/active-moist-100-ml--9b72b.jpeg||none||none||none||CİLT BAKIM ÜRÜNLERİ > KREM > İnce Yapılı Yağsız Nemlendirici||3.980,00
P-3577||Active Moist 50 ML||İnce ve uygulaması kolay bu formül, Prebiyotik Nem Kompleksi ile bitki özlerinin benzersiz bir kombinasyonunu içerir ve cilt dokusunu düzenlemeye ve cilt yüzeyindeki nemsizliği azaltmaya yardımcı olur. Limon, Salatalık ve Dulavrat bitkisel özleri ile cildi arındırmaya yardımcı olur.||https://static.ticimax.cloud/cdn-cgi/image/width=76,quality=85/53520/uploads/urunresimleri/buyuk/active-moist-50-ml-8ec29c.jpeg||none||none||none||CİLT BAKIM ÜRÜNLERİ > KREM > İnce Yapılı Yağsız Nemlendirici||DERMALOGICA||2.450,00
P-2493||Active Peel System KIT||Klinik olarak geliştirilmiş botanik bazlı Active Peel System, cildi yeniden canlandırmak, nemlendirmek, gençleştirmek ve antioksidan koruma sağlamak için tasarlanmış güçlü, hızlı etkili iki aşamalı bir tedavidir.||https://static.ticimax.cloud/cdn-cgi/image/width=76,quality=85/53520/uploads/urunresimleri/buyuk/active-peel-system-kit-9f95da.jpeg||none||none||none||CİLT BAKIM ÜRÜNLERİ > KIT PROGRAM > Aktif Soyma Sistemi||IS CLINICAL||3.906,00
P-2886||ACTIVE REPAIR CREAM 50 ML||30-35 yaş aralığına uygun, cilde ışıltı ve nem verirken aynı zamanda cildi yeniden yapılandırmayı hedefler. Hafif yapılı ferahlık veren dokusu tüm cilt tiplerine uygundur.||https://static.ticimax.cloud/cdn-cgi/image/width=76,quality=85/53520/uploads/urunresimleri/buyuk/active-repair-cream-50-ml-233-b7.jpeg||none||none||none||CİLT BAKIM ÜRÜNLERİ > KREM > Kırışıklık Karşıtı Hafif Dokulu Nemlendirici||ESTHEDERM||2.409,00
P-2472||Active Serum 15 ML||En popüler ürünümüz olan bu hızlı etkili, uzun süreli, sonuç odaklı formül, ince çizgilerin ve kırışıklıkların görünümünü azaltır, cilt tonunu gözle görülür şekilde eşitler ve leke eğilimli ciltler için mükemmeldir Doktorlar tarafından "olağanüstü" ve "olağanüstü" olarak lanse edilen Aktif Serum, genellikle birkaç gün içinde sonuç verir Avuç içine 3-4 damla damlatın ve parmak uçlarınızla yüzünüze eşit şekilde yayın Soğuk bir karıncalanma hissi ile kanıtlandığı gibi, uygulama üzerine güçlü aktivite not edilecektir Tüm cilt tipleri ve her yaş için mükemmel olan bu güçlü botanik serum cildi nemli ve pürüzsüz bırakır||https://static.ticimax.cloud/cdn-cgi/image/width=76,quality=85/53520/uploads/urunresimleri/buyuk/active-serum-15-ml-82-b76.jpeg||none||none||none||CİLT BAKIM ÜRÜNLERİ > SERUM > Yaşlanma Karşıtı, Temizleyici, Aydınlatıcı||IS CLINICAL||3.730,00
P-2473||Active Serum 30 ML||En popüler ürünümüz olan bu hızlı etkili, uzun süreli, sonuç odaklı formül, ince çizgilerin ve kırışıklıkların görünümünü azaltır, cilt tonunu gözle görülür şekilde eşitler ve leke eğilimli ciltler için mükemmeldir Doktorlar tarafından "olağanüstü" ve "olağanüstü" olarak lanse edilen Aktif Serum, genellikle birkaç gün içinde sonuç verir Avuç içine 3-4 damla damlatın ve parmak uçlarınızla yüzünüze eşit şekilde yayın Soğuk bir karıncalanma hissi ile kanıtlandığı gibi, uygulama üzerine güçlü aktivite not edilecektir Tüm cilt tipleri ve her yaş için mükemmel olan bu güçlü botanik serum cildi nemli ve pürüzsüz bırakır||https://static.ticimax.cloud/cdn-cgi/image/width=76,quality=85/53520/uploads/urunresimleri/buyuk/active-serum-30-ml-27bb-e.jpeg||none||none||none||CİLT BAKIM ÜRÜNLERİ > SERUM > Yaşlanma Karşıtı, Temizleyici, Aydınlatıcı||6.019,00
P-0605||Advanced Brightening UV SPF50 40 ML||https://static.ticimax.cloud/cdn-cgi/image/width=76,quality=85/53520/uploads/urunresimleri/buyuk/advanced-brightening-uv-spf50-40-ml-973470.jpeg||none||none||none||CİLT BAKIM ÜRÜNLERİ > GÜNEŞ KORUMA > Hiperpigmentasyon Karşıtı Güneş Koruyucu||2.600,00
P-2150||After SUN Face - 100 ml||Güneşte kaldıktan sonra cilt yenilenmesi için After Sun Gel ile hoş bir serinlik.||https://static.ticimax.cloud/cdn-cgi/image/width=76,quality=85/53520/uploads/urunresimleri/buyuk/after-sun-face-100-ml-c04-de.jpeg||none||none||none||CİLT BAKIM ÜRÜNLERİ > GÜNEŞ KORUMA > Yüz İçin Güneş Sonrası Yenileyici Krem||MBR||6.219,00
P-3600||AGE Bright Clearing Serum 30 ML||Marka||https://static.ticimax.cloud/cdn-cgi/image/width=76,quality=85/53520/uploads/urunresimleri/buyuk/age-bright-clearing-serum-30-ml-4cd5-8.jpg||none||none||none||CİLT BAKIM ÜRÜNLERİ > SERUM > Sivilce ve Zamansız Yaşlanma İzleri İçin Serum||DERMALOGICA||3.260,00
P-1771||Age Defying Dermabrasion 50ML||Faydaları: Hassas ve akneli cilt hariç tüm cilt tipleri Darphin Enstitü'sünden ilham alınarak ortaya çıkan Age-Defying Dermabrasion, içeriğinde doğal eksfoliasyonlar (inci tozu, lav tozu, silica pudrası) bulundurur. Gözenek, ince çizgi, kırışıklık, yaş bağlantılı leke görünümünü azaltmaya ve cilt tonunu eşitlemeye yardımcı olur. Kullanımı: Haftada 1-3 kere, göz çevresi hariç kuru cilde ince bir tabaka halinde uygulanır. Ilık su ve dairesel hareketlerle masaj yaparak ciltten temizlenir. Botanik İçerikler: İnci Tozu, Lav Tozu, Silica Pudrası||https://static.ticimax.cloud/cdn-cgi/image/width=76,quality=85/53520/uploads/urunresimleri/buyuk/age-defying-dermabrasion-50ml-29-40c.jpeg||none||none||none||CİLT BAKIM ÜRÜNLERİ > PEELING > Leke Karşıtı Peeling||DARPHIN||2.999,00
P-0616||Age Interrupter Advanced 48 ML||Olgun ciltlerde ilerleyen yaşa bağlı olarak oluşabilen ince çizgi ve kırışıklık gibi yaşlılık belirtilerinin görünümünü azaltmayı sağlayan bakım kremi.||https://static.ticimax.cloud/cdn-cgi/image/width=76,quality=85/53520/uploads/urunresimleri/buyuk/age-interrupter-advanced-48-ml-a38833.jpeg||none||none||none||CİLT BAKIM ÜRÜNLERİ > KREM > Olgun Ciltler İçin Sıkılaştırıcı Günlük Bakım Kremi||9.200,00
P-2884||AGE PROTEOM ADVANCED SERUM 30ML||Yaşlanma belirtilerini yavaşlatatır. Cildin kendini onarmasına yardımcı olur. Kırışıklık karşıtı, ışıltı, renk tonu eşitliği, sıkılık ve dolgunlaştırıcı etki sağlar.||https://static.ticimax.cloud/cdn-cgi/image/width=76,quality=85/53520/uploads/urunresimleri/buyuk/age-proteom-advanced-serum-30ml-4424-8.jpeg||none||none||none||CİLT BAKIM ÜRÜNLERİ > SERUM > Hücresel Yenilenme||ESTHEDERM||3.849,00
P-0623||AGE Recovery 30 ML||Cilt yenilemeyle gelen sonuçları geliştirmek ve korumak için bakım süresi boyunca ve yanı sıra bakım sonrasındaki dönemde kullanın. pHformula cilt uzmanının tavsiyesine göre günde bir ya da iki kez kullanılabilir. Daima gündüz ya da gece kremi altına uygulayın. Cilt uzmanınız aksini belirtmedikçe bakım programı esnasında kullanımı yarıda kesmeyi||https://static.ticimax.cloud/cdn-cgi/image/width=76,quality=85/53520/uploads/urunresimleri/buyuk/age-recovery-30-ml-e-6911.jpeg||none||none||none||CİLT BAKIM ÜRÜNLERİ > KREM > Yaşlanma Etkilerini Önlemek İçin Dizayn Edilmiş Bakım Kremi||PH FORMULA||1
P-0600||Age Resurfacing Kit (4 Ürün)||Yaşlanma karşıtı bu kit,||https://static.ticimax.cloud/cdn-cgi/image/width=76,quality=85/53520/uploads/urunresimleri/buyuk/age-resurfacing-kit-4-urun-ce7764.jpeg||none||none||none||CİLT BAKIM ÜRÜNLERİ > KIT PROGRAM > Anti-Age Ev Bakım Kiti||PH FORMULA||1
P-1903||Age Serum 36 ML||Cildi neme doyuran bu yaşlanma karşıtı serum cildin doğal mikroflorasını besleyen ve yenileyen ve yaşlanma belirtilerini gözle görülür şekilde azaltan biyoteknolojik yöntemlerle elde edilmiş aktif doğal bileşenlerle doludur. İçeriğindeki 4D hyalüronik asit kompleksiyle cildin nem rezervlerinin yenilenmesine yardımcı olur. Yaşlanmaya karşı mücadelede lokomotif rolü oynayan formülündeki tripeptit ve tetrapeptitler cilt metabolizmasının gençlik karakteristiklerini korumasını sağlar.||https://static.ticimax.cloud/cdn-cgi/image/width=76,quality=85/53520/uploads/urunresimleri/buyuk/age-serum-36-ml-7d-0a8.jpeg||none||none||none||CİLT BAKIM ÜRÜNLERİ > SERUM > Anti-Aging Etkili Serum||PH FORMULA||1
P-0732||Aggressive Anti-Aging Program Kit||Aggressive Anti-Aging Program enzimleri, fonksiyonel bir nemlendirici ve antioksidanlar ile birlikte güçlü formüllere sahiptir. Ayrıca, çevresel ve kronik cilt yaşlanmasının etkilerini önlemede kanıtlanmış topikal bir bileşen olan retinol de yüksek konsantrasyonda kullanılır.||https://static.ticimax.cloud/cdn-cgi/image/width=76,quality=85/53520/uploads/urunresimleri/buyuk/agressive-anti-aging-program-kit-3e044-.jpeg||none||none||none||CİLT BAKIM ÜRÜNLERİ > KIT PROGRAM > Agresif Anti-Aging Program||ZO SKIN HEALTH||13.800,00
P-2409||AHA/BHA Exfoliating Cleanser 200ML||İçerdiği Laktik Asit, Glikolik Asit ve Salisilik Asit ile tahrişe neden olmadan cildi ölü hücrelerden arındırır.||https://static.ticimax.cloud/cdn-cgi/image/width=76,quality=85/53520/uploads/urunresimleri/buyuk/ahabha-exfoliating-cleanser-200ml-e00-a0.jpeg||none||none||none||CİLT BAKIM ÜRÜNLERİ > PEELING > Soyucu Etkili Yüz Temizleme Peelingi||MURAD||3.780,00
P-2858||ALCOHOL FREE CALMING LOTION 200 ML||En hassas ciltler için bile ideal olan alkolsüz yatıştırıcı tonik, cildin canlanmasına ve sakinleşmesine destek olur.||https://static.ticimax.cloud/cdn-cgi/image/width=76,quality=85/53520/uploads/urunresimleri/buyuk/alcohol-free-calming-lotion-200-ml-2845ec.jpeg||none||none||none||CİLT BAKIM ÜRÜNLERİ > TONİK > Hassas Ciltlere Yönelik Tonik||ESTHEDERM||959,00
P-0596||All For Sensivite Serum 30 ML||AFS Hassas Ciltler İçin Serum, hassasiyeti geriletmeye, yapılandırmaya ve onarmaya yardımcı olur. Yoğun içeriği ile cilt bariyerini güçlendirmeye ve oluşan hassasiyetlerin gerilemesine destek verir ayrıca içeriğinde fermente balkabağı özütü bulunur.||https://static.ticimax.cloud/cdn-cgi/image/width=76,quality=85/53520/uploads/urunresimleri/buyuk/afs-all-for-sensitive-serum-0-44c6.jpeg||none||none||none||CİLT BAKIM ÜRÜNLERİ > SERUM > Hassas Ciltler İçin Serum||GENOSYS||1
P-0846||Aloe Sun Cream SPF30 50 ML||Güneş ışınları kemik sağlığımız ve bağışıklık sistemimiz için gerekli D vitamini kaynağı olsa da aynı zamanda cilde zarar veren ultraviyole ışınları içerir. Canlılığın yaşam kaynağı olan bu ışınlar maalesef cildimize karşı o kadar da nazik davranmaz. Direkt maruz kalınan güneş ışınları, derinin alt tabakasına etki ederek yaşlanma etkilerini artırır ve uzun vadede olumsuz durumlara sebep olabilir. Bundan dolayı güneşe maruz kalan deri bölgelerimize zararlı ışınları engelleyip, yararı maksimize edecek bariyerler kurup, cildimize yaşam kaynağımızın hasar vermeden fayda vermesini güneş kremi ile sağlayabiliriz.||https://static.ticimax.cloud/cdn-cgi/image/width=76,quality=85/53520/uploads/urunresimleri/buyuk/aloe-sun-cream-spf30-50-ml-18a8df.jpeg||none||none||none||CİLT BAKIM ÜRÜNLERİ > GÜNEŞ KORUMA > SPF30+ Güneş Koruyucu||NATURE MIND||1
P-2711||Alpha - Trophox112 Serum - 50 ml||https://static.ticimax.cloud/cdn-cgi/image/width=76,quality=85/53520/uploads/urunresimleri/buyuk/alpha-trophox112-serum-50-ml-new-9dddf8.jpeg||none||none||none||CİLT BAKIM ÜRÜNLERİ > SERUM > İleri Anti-Aging Bakım Serumu||MSB||18.055,00
P-1830||ALPHA BRIGHT SERUM 20 ML||Çevresel (güneş ışınları, kullanılan ilaçlar, kirlilik) ve hormonal değişikliklerin (hamilelik, yaşlanma) neden olduğu kahverengi lekeleri azaltmaya yardımcı olur. Güneş lekelerinde, yaşlılık lekelerinde, melasmada ve akne pigmentasyonunda etkilidir.||https://static.ticimax.cloud/cdn-cgi/image/width=76,quality=85/53520/uploads/urunresimleri/buyuk/alpha-bright-serum-20-ml-3a8-f7.jpeg||none||none||none||CİLT BAKIM ÜRÜNLERİ > SERUM > Leke Açıcı Serum||ALPHASCIENCE||2.100,00
P-1835||ALPHA BRIGHT SERUM 8 ML||Çevresel (güneş ışınları, kullanılan ilaçlar, kirlilik) ve hormonal değişikliklerin (hamilelik, yaşlanma) neden olduğu kahverengi lekeleri azaltmaya yardımcı olur. Güneş lekelerinde, yaşlılık lekelerinde, melasmada ve akne pigmentasyonunda etkilidir.||https://static.ticimax.cloud/cdn-cgi/image/width=76,quality=85/53520/uploads/urunresimleri/buyuk/alpha-bright-serum-8-ml--69d1-.jpeg||none||none||none||CİLT BAKIM ÜRÜNLERİ > SERUM > Leke Açıcı Serum||ALPHASCIENCE||650,00
P-2651||Alpha Thropox 112® Liquid Mask 6 blister und - 1x30 ml||Modern sıvı yapıda olan yenilikçi maske anında iyi hissetmeyi sağlar ve doğal bir yüz gerdirme gibi etki eder. Cildi en uygun biçimde nemle besler. ® Syn - Ake ile mimiklerden kaynaklanan çizgi ve kırışıklıkları azaltır. Hücre dokusunu güçlendirir ve sıkılaştırır. Anında pürüzsüzleştirici, gerginleştirici etkiye sahiptir. Cilt sakinleşmiş, rahatlamış ve taze bir görünüm kazanır||https://static.ticimax.cloud/cdn-cgi/image/width=76,quality=85/53520/uploads/urunresimleri/buyuk/alpha-thropox-112-liquid-mask-6-bliste-6-4948.jpeg||none||none||none||CİLT BAKIM ÜRÜNLERİ > MASKE > Yenileyici Sıvı Maske||MSB||8.299,00
P-2639||Alpha- Trophox Serum - 50 ml||Kırışıkları önleyici, mevcut ve daha derin kırışıkları, özellikle alın, göz bölgesi ve dudak kısmındaki dikey çizgileri hafifletici özel ürün. ® Syn - Ake ile kas hareketini sınırlayan etkin madde, uygulamadan kısa süre sonra dahi, çizgi ve kırışıklıklardaki derinliğin azalması. ® Syn Hycon ile (2 kat etki) cildin kendi Hyalüron sentezini yeniler, cilt kolajenleri ve dermisin hücrelerini korur & yapılandırır. ® HyaCare ile (Hidrolize Hyalüron) kısa ve uzun süreli nem beslemesini güçlendirir. Hydrolite-5 ile nemi yoğun bir şekilde bağlayan özelliğe sahip glikol. Botoxsa alternatif bir serumdur.||https://static.ticimax.cloud/cdn-cgi/image/width=76,quality=85/53520/uploads/urunresimleri/buyuk/alpha-trophox112-serum-50-ml-3-4841.jpg||none||none||none||CİLT BAKIM ÜRÜNLERİ > SERUM > Kırışıklık Karşıtı Serum||MSB||12.953,00
P-2631||Alpha- Trophox112 Serum - 30 ml||Kırışıkları önleyici, mevcut ve daha derin kırışıkları, özellikle alın, göz bölgesi ve dudak kısmındaki dikey çizgileri hafifletici özel ürün. ® Syn - Ake ile kas hareketini sınırlayan etkin madde, uygulamadan kısa süre sonra dahi, çizgi ve kırışıklıklardaki derinliğin azalması. ® Syn Hycon ile (2 kat etki) cildin kendi Hyalüron sentezini yeniler, cilt kolajenleri ve dermisin hücrelerini korur & yapılandırır. ® HyaCare ile (Hidrolize Hyalüron) kısa ve uzun süreli nem beslemesini güçlendirir. Hydrolite-5 ile nemi yoğun bir şekilde bağlayan özelliğe sahip glikol. Botoxsa alternatif bir serumdur.||https://static.ticimax.cloud/cdn-cgi/image/width=76,quality=85/53520/uploads/urunresimleri/buyuk/alpha-trophox112-serum-30-ml-ef-e18.jpeg||none||none||none||CİLT BAKIM ÜRÜNLERİ > SERUM > Kırışıklık Karşıtı Serum||MSB||8.735,00
P-2667||Alpha-Trophox112 Concentrate - 30 ml||MSB ® Cosmeceuticals tarafından geliştirilen ALPHA AC3 Onarım Kompleksini temel alan, benzersiz bir kaldırma ve güçlendirme etkisi sağlayan aktif bileşenler içeren, yüksek konsantrasyonlu yaşlanma karşıtı bakım .||https://static.ticimax.cloud/cdn-cgi/image/width=76,quality=85/53520/uploads/urunresimleri/buyuk/alpha-trophox112-concentrate-30-ml-553225.jpeg||none||none||none||CİLT BAKIM ÜRÜNLERİ > SERUM > Yaşlanma Karşıtı Serum||MSB||10.060,00
P-2668||Alpha-Trophox112 Face Cream - 50 ml||MSB ® Cosmeseuticals tarafından geliştirilen ALPHA AC3 Onarım Kompleksi sayesinde ipeksi yumuşaklıkta ve sıkı bir cilt için yüksek konsantreli yaşlanma karşıtı yüz kremi .||https://static.ticimax.cloud/cdn-cgi/image/width=76,quality=85/53520/uploads/urunresimleri/buyuk/alpha-trophox112-face-cream-50-ml-b48-f8.jpeg||none||none||none||CİLT BAKIM ÜRÜNLERİ > KREM > Sıkılaştırıcı Yüz Kremi||MSB||15.037,00
P-2664||Alpha-Trophox112 Liquid Mask Face -6x1 Stück 20 ml||MSB ® Cosmeceuticals tarafından geliştirilen ALPHA AC3 Onarım Kompleksi bazlı, anında kusursuz ve canlı bir cilt için yüksek konsantrasyonlu yaşlanma karşıtı yüz maskesi.||https://static.ticimax.cloud/cdn-cgi/image/width=76,quality=85/53520/uploads/urunresimleri/buyuk/alpha-trophox112-liquid-mask-face-6x1--9-f29f.jpeg||none||none||none||CİLT BAKIM ÜRÜNLERİ > MASKE > Sıvı Maske Seti||MSB||7.017,00
P-1046||AMNIOTIQUE 30 ml||Hidro-sabitleyici aktif bileşenleri, hücrelerin suyu yakalamasına ve dış epidermal katmanlara kilitlemesine yardımcı olarak, uzun süreli hidrasyonun rahatlaması için kuru cildin rahatsızlığını ortadan kaldırır.||https://static.ticimax.cloud/cdn-cgi/image/width=76,quality=85/53520/uploads/urunresimleri/buyuk/amniotique-30-ml-7a-e77.jpeg||none||none||none||CİLT BAKIM ÜRÜNLERİ > SERUM > Temel Nemlendirici Serum||BIOLOGIQUE R.||1
P-0588||Anti-Aging Program Kit||Son derece gelişmiş yaşlanma karşıtı bileşenler ve teknolojiler içeren bu kısmen yoğun program, çevresel ve kronik yaşlanmanın belirtilerini önlemeye yardımcı olur.||https://static.ticimax.cloud/cdn-cgi/image/width=76,quality=85/53520/uploads/urunresimleri/buyuk/anti-aging-program-kit-d1a410.jpeg||none||none||none||CİLT BAKIM ÜRÜNLERİ > KIT PROGRAM > Anti-Aging Program||ZO SKIN HEALTH||11.500,00
P-1212||Anti-Black Head Deep Clearing Emulsion 30 ML||Tıkanıklıkları açar ve kirleri temizler, ölü hücreleri giderir ve cildi arındırır.||https://static.ticimax.cloud/cdn-cgi/image/width=76,quality=85/53520/uploads/urunresimleri/buyuk/anti-black-head-deep-clearing-emulsion-5-899a.jpeg||none||none||none||CİLT BAKIM ÜRÜNLERİ > TEMİZLEME > Arındırıcı Bakımlar||BELLEFONTAINE S.||1
P-1441||Anti-Oxidant Vit. C Drops (50 Drops)||Güçlü antioksidan özelliklere sahip C Vitamini ile konsantre edilen bu bakım, cilt yaşlanmasına karşı etkili bir şekilde savaşır ve kollajen üretimini uyarır. Yoğun yumuşatma etkisi, ince çizgileri ve kırışıklıkları gözle görülür ve anında azaltır, cildi inanılmaz derecede yumuşak, ipeksi ve aydınlık bırakır.||https://static.ticimax.cloud/cdn-cgi/image/width=76,quality=85/53520/uploads/urunresimleri/buyuk/anti-oxidant-vit.-c-drops-50-drops-2-8005.jpeg||none||none||none||CİLT BAKIM ÜRÜNLERİ > SERUM > Nemlendirme||BELLEFONTAINE S.||1
P-2396||Anti-Wrinkle & Firm Day Fluid Mineral SPF30 50 ML||İçeriğindeki Nordic Berry Pre-Retinol ve patentli Nordic Lingonberry Özü sayesinde kırışıklıkların oluşumunu önlemeye ve cildin daha sıkı görünmesine yardımcı olurken, Çinko Oksit sayesinde UVA ve UVB güneş ışınlarına karşı doğal mineral koruma sağlar. Kalıntı bırakmadan kolayca uygulanan %93 doğal formülü tüm cilt tiplerine uygundur.||https://static.ticimax.cloud/cdn-cgi/image/width=76,quality=85/53520/uploads/urunresimleri/buyuk/anti-wrinkle-firm-day-fluid-mineral-sp-2ebbd1.jpeg||none||none||none||CİLT BAKIM ÜRÜNLERİ > GÜNEŞ KORUMA > Kırışıklık Karşıtı & Sıkılaştırıcı Nemlendirici SPF 30||1.360,00
P-2394||Anti-Wrinkle & Firm Day Moisturizer 50 ML||Klinik çalışmalarla desteklenen, Pre-Retinol Complex içeren formülü ile cildi daha sıkı, daha genç ve daha pürüzsüz bir görünüme kavuşturmaya, kırışıklıkların görünümünü azaltmaya yardımcı olur. Hızlı emilen %97 doğal formülü ile tüm cilt tiplerinin kullanımına uygundur.||https://static.ticimax.cloud/cdn-cgi/image/width=76,quality=85/53520/uploads/urunresimleri/buyuk/anti-wrinkle-firm-day-moisturizer-50-m-1-b13e.jpeg||none||none||none||CİLT BAKIM ÜRÜNLERİ > KREM > Kırışıklık Karşıtı & Sıkılaştırıcı Gündüz Bakım Kremi||1.360,00
P-2397||Anti-Wrinkle & Firm Moisturizing V-Shape Serum 30 ML||Anında yüz ovalinin görünümünün güzelleşmesini destekler. Klinik çalışmalarla desteklenen, Pre-Retinol Complex içeren %98 doğal formülü ile cildi daha sıkı, daha genç ve daha pürüzsüz bir görünüme kavuşturmaya, kırışıklıkların görünümünü azaltmaya yardımcı olur. Cilde ışıltı katan hafif formülü, tüm cilt tiplerine uygundur.||https://static.ticimax.cloud/cdn-cgi/image/width=76,quality=85/53520/uploads/urunresimleri/buyuk/anti-wrinkle-firm-moisturizing-v-shape-1016-8.jpeg||none||none||none||CİLT BAKIM ÜRÜNLERİ > SERUM > Sıkılaştırıcı & Yüz Ovali Şekillendirici Gençlik Serumu||LUMENE||1.515,00
P-2395||Anti-Wrinkle & Firm Night Moisturizer 50 ML||Klinik çalışmalarla desteklenen, Pre-Retinol Complex içeren %98 doğal formülü ile cildi daha sıkı, daha genç ve daha pürüzsüz bir görünüme kavuşturmaya, kırışıklıkların görünümünü azaltmaya yardımcı olur. Güne dinlenmiş, yenilenmiş bir görünüm ile başlamak için gece boyunca cildi yenilemeyi destekler.||https://static.ticimax.cloud/cdn-cgi/image/width=76,quality=85/53520/uploads/urunresimleri/buyuk/anti-wrinkle-firm-night-moisturizer-50-f7e-49.jpeg||none||none||none||CİLT BAKIM ÜRÜNLERİ > KREM > Kırışıklık Karşıtı & Sıkılaştırıcı Gece Bakım Kremi||LUMENE||1.360,00
P-3603||Antioxidant Hydramist 150 ML||Ferahlatıcı antioksidan tonik cildi nemlendirir ve sıkılaştırmaya yardımcı olur. Püskürtülerek kolay kullanıma sahip formül cilt yüzeyinde antioksidan bir kalkan oluşturarak cildin koruyucu bariyerini güçlendirir, serbest radikal hasarlara ve ciltte protein/ şeker reaksiyonu son ürünü olan İleri Glikasyon Son Ürünleri (AGE'ler) ile oluşan zamansız yaşlanma izlerine karşı cildi korumaya yardımcı olur. Bezelye Özü cildi sıkılaştırmaya yardımcı olurken Gül ve Karanfil Özleri cildi rahatlatıp ferahlatır. Cildi temizledikten sonra ve gün boyu kullanımın için idealdir.||https://static.ticimax.cloud/cdn-cgi/image/width=76,quality=85/53520/uploads/urunresimleri/buyuk/antioxidant-hydramist-150-ml-4f-4b1.jpeg||none||none||none||CİLT BAKIM ÜRÜNLERİ > TONİK > Sıkılaştırıcı, Nemlendirici Antioksidant Tonik||DERMALOGICA||2.520,00
P-3630||Antioxidant Hydramist 30 ML||Ferahlatıcı antioksidan tonik cildi nemlendirir ve sıkılaştırmaya yardımcı olur. Püskürtülerek kolay kullanıma sahip formül cilt yüzeyinde antioksidan bir kalkan oluşturarak cildin koruyucu bariyerini güçlendirir, serbest radikal hasarlara ve ciltte protein/ şeker reaksiyonu son ürünü olan İleri Glikasyon Son Ürünleri (AGE'ler) ile oluşan zamansız yaşlanma izlerine karşı cildi korumaya yardımcı olur. Bezelye Özü cildi sıkılaştırmaya yardımcı olurken Gül ve Karanfil Özleri cildi rahatlatıp ferahlatır. Cildi temizledikten sonra ve gün boyu kullanımın için idealdir.||https://static.ticimax.cloud/cdn-cgi/image/width=76,quality=85/53520/uploads/urunresimleri/buyuk/antioxidant-hydramist-30-ml-b726c3.jpeg||none||none||none||CİLT BAKIM ÜRÜNLERİ > SPREY > Sıkılaştırıcı, Nemlendirici Antioksidant Tonik||DERMALOGICA||710,00
P-0586||Antioxidant Lip Repair 10 ML||Yumuşatıcı dudak balmı, dudak yüzeyini yumuşatıp iyileştirirken çevresel hasarın iyileştirilmesine yardımcı olur. Bu güçlü tedavi, dudak yüzeyini yumuşatıp yeniden nemlendirirken çevresel hasar belirtileriyle savaşmaya yardımcı olur.||https://static.ticimax.cloud/cdn-cgi/image/width=76,quality=85/53520/uploads/urunresimleri/buyuk/antioxidant-lip-repair10-ml-e7527a.jpg||none||none||none||CİLT BAKIM ÜRÜNLERİ > DUDAK BAKIMI||SKINCEUTICALS||1.800,00
P-2741||AQUA FALLS 150 ML||Tüm cilt tiplerinden makyajı hızlıca temizler. Hafif makyajı saniyeler içinde emen, ustalıkla oluşturulmuş bir su. Cilt temiz ve rahattır.Tek bir mendil ile hafif makyajı gideren zenginleştirilmiş suyun verimliliği. İdeal olarak dengeli formülü, artık yağlı film tabakası olmadan cildi memnun eder. Seyahat, spor salonu veya hafta sonları geziler için idealdir. En hassas cilt tipleri dahil tüm cilt tiplerine özen gösterir.||https://static.ticimax.cloud/cdn-cgi/image/width=76,quality=85/53520/uploads/urunresimleri/buyuk/aqua-falls-150-ml-bcd49-.jpeg||none||none||none||CİLT BAKIM ÜRÜNLERİ > TEMİZLEME > Anında Makyaj Temizleme Suyu||VALMONT||3.050,00
P-2378||Arctic Aqua Foaming Cleanser 150 ML||Yumuşak, pH dostu, hassas köpük formülü ile makyajı ve cildi kurutmadan derinlemesine temizlemeye yardımcı olur. %83 doğal içeriğindeki Organik Huş Ağacı Özü ve Kuzey Kutup Bölgesi’nin Doğal Kaynak Suyu ile ciltte ferah, tazelenmiş bir his bırakır.||https://static.ticimax.cloud/cdn-cgi/image/width=76,quality=85/53520/uploads/urunresimleri/buyuk/arctic-aqua-foaming-cleanser-150-ml-d72-de.jpeg||none||none||none||CİLT BAKIM ÜRÜNLERİ > TEMİZLEME > Kutup Kaynak Suyu İçeren Temizleme Köpüğü||LUMENE||590,00
P-2388||Arctic Berry Oil-Cocktail 30 ML||Vitamin C, B3, B5, E ve Provitamin A ile güçlendirilmiş formülü, cildi aydınlatmaya, pürüzsüzleştirmeye yardımcı olurken aynı zamanda ciltteki renk eşitsizliklerini dengelemeyi ve güzelliğini korumayı destekler. Cilde nem ve enerji vermeye yardımcı olan çift fazlı %88 doğal formül, normal ve kuruya dönük ciltler için özel olarak tasarlanmıştır.||https://static.ticimax.cloud/cdn-cgi/image/width=76,quality=85/53520/uploads/urunresimleri/buyuk/arctic-berry-oil-cocktail-30-ml-94e564.jpeg||none||none||none||CİLT BAKIM ÜRÜNLERİ > SERUM > Leke Karşıtı Multivitamin Kokteyli||1.290,00
P-2379||Arctic Dew Quenching Aqua Serum 30 ML||İnce çizgilerin ve kırışıklıkların görünümünü yumuşatarak genç, dolgun ve taze görünen bir cilt yaratmayı destekler. Hyaluronik Asit, Organik Huş Ağacı Özü, nem tutucu Kuzey Algleri ve Kuzey Kutbu’nun Doğal Kaynak Suyu'ndan gelen çiy içeren %89 doğal formülü ile cildi yoğun bir şekilde nemlendirmeye ve nemi cildin derinlerine hapsetmeye yardımcı olur. Cildi suya doyurmayı hedefleyen konsantre formül; tüm cilt tipleri için uygundur.||https://static.ticimax.cloud/cdn-cgi/image/width=76,quality=85/53520/uploads/urunresimleri/buyuk/arctic-dew-quenching-aqua-serum-30-ml--a871-.jpeg||none||none||none||CİLT BAKIM ÜRÜNLERİ > SERUM > Kutup Kaynak Suyu İçeren Nem Serumu||LUMENE||1.115,00
P-1695||Aromatic Cleansing Balm with Rosewood 40ML||Faydaları:||https://static.ticimax.cloud/cdn-cgi/image/width=76,quality=85/53520/uploads/urunresimleri/buyuk/aromatic-cleansing-balm-with-rosewood--f-6fab.jpeg||none||none||none||CİLT BAKIM ÜRÜNLERİ > TEMİZLEME > Temizleyici Balm||1.499,00
P-0955||Avocado Night Cream 50 ML||Uyku, canlılara bahşedilmiş muhteşem bir yenilenme zamanıdır. Canlılar uyuduğunda vücutlarında temizlik ve arınma başlar. Gün boyunca vücudumuzda biriken yabancı maddeler özenle temizlenir, ölü deriler yok edilir ve yerine yeni, canlı deri gelir. Bu mühim zaman öncesinde kırılgan ve hassas ciltlerin eksikliklerini tamamlayıp arınmayı destekleyecek doğal içeriklerin kırılgan ciltlerin sağlığında elzem bir rolü vardır.||https://static.ticimax.cloud/cdn-cgi/image/width=76,quality=85/53520/uploads/urunresimleri/buyuk/avocado-night-cream-50-ml-9-ff51.jpeg||none||none||none||CİLT BAKIM ÜRÜNLERİ > KREM > Yenileyici Gece Kremi||1
P-2861||AYRILMAZ İKİLİ EVDE ENSTİTÜ BAKIMI KOFRE||Evde Enstitü Bakımı'nın Ayrılmaz İkilisi Gentle Deep Pore Cleanser 75 ml ve Lightening Buffing Mask 75 ml'den oluşan özel fiyatlı, havlu eldiven hediyeli kofre||https://static.ticimax.cloud/cdn-cgi/image/width=76,quality=85/53520/uploads/urunresimleri/buyuk/ayrilmaz-ikili-evde-enstitu-bakimi-kof-4-68d6.jpeg||none||none||none||CİLT BAKIM ÜRÜNLERİ > SET > Özel Set||ESTHEDERM||1.649,00
P-0583||Azulene Care Serum 30 ML||Cildi korumak, nemlendirmek ve güzel bir görünüm kazanmasına yardımcı olmak amacıyla kullanılabilir.||https://static.ticimax.cloud/cdn-cgi/image/width=76,quality=85/53520/uploads/urunresimleri/buyuk/azulene-care-serum-30-ml-8fc-a3.jpeg||none||none||none||CİLT BAKIM ÜRÜNLERİ > SERUM > Sakinleştirici, Yatıştırıcı Serum||THERADERM||1
P-0220||Æ Pink Magic Lifting Cream 250 ML||Güçlü lifting etkili krem. Bitkisel kaynaklı hafif dokusu olan krem, gelişmiş biyoteknoloji sayesinde, cildin nemlendirilmesine destek olurken aynı zamanda cildin daha canlı görünmesini destekler.||https://static.ticimax.cloud/cdn-cgi/image/width=76,quality=85/53520/uploads/urunresimleri/buyuk/-pink-magic-lifting-cream-250-ml-97-453.jpeg||none||none||none||CİLT BAKIM ÜRÜNLERİ > KREM > Güçlü Lifting Etkili Krem||THERADERM||1
P-1431||ÆStrong Lifting Cream Mask 250 ML||Kimyasal peeling bileşeni olan TCA ile benzer şekilde çalışan çok etkili bir peeling özelliğine sahiptir. Organik Acetic Acid, hayati besinler ve cilde peeling sağlayan maddeler, amino asitler ve mineraller içerir.||https://static.ticimax.cloud/cdn-cgi/image/width=76,quality=85/53520/uploads/urunresimleri/buyuk/-strong-lifting-cream-mask-250-ml--41b1-.jpeg||none||none||none||CİLT BAKIM ÜRÜNLERİ > MASKE > Lifting Etkili Krem Maske||1
P-2402||Balancing Clay-To-Foam Cleanser 125 ML||Yağlı, karma ve akneye eğilimli ciltlere özel formüle edilmiş tamamen vegan temizleyici yüz makyajının ve ciltteki fazla yağın etkili bir şekilde temizlenmesine destek olur. Bu derinlemesine arındırıcı %98 doğal formül cildi kurutmadan gözeneklerin arınmasına ve lekelerin önlenmesine yardımcı olur.||https://static.ticimax.cloud/cdn-cgi/image/width=76,quality=85/53520/uploads/urunresimleri/buyuk/balancing-clay-to-foam-cleanser-125-ml-29-a6b.jpeg||none||none||none||CİLT BAKIM ÜRÜNLERİ > TEMİZLEME > Sebum Dengeleyici Kil İçerikli Temizleyici||LUMENE||870,00
P-2217||Balancing Cleansing Emulsion 200 ML||Balancing Cleansing Emulsion, cildi yatıştıran, esnek ve güçlü bırakan, koruyucu cilt bariyerini destekleyen, klinik olarak kanıtlanmış, yumuşatıcı bir jelden süte temizleyicidir. Koku, boya ve sülfat içermez.||https://static.ticimax.cloud/cdn-cgi/image/width=76,quality=85/53520/uploads/urunresimleri/buyuk/balancing-cleansing-emulsion-200-ml-2b24aa.jpeg||none||none||none||CİLT BAKIM ÜRÜNLERİ > TEMİZLEME > Yatıştırıcı, Koruyucu Temizleme Jeli||ZO SKIN HEALTH||2.800,00
P-2404||Balancing Daily Serum 30 ML||Yağlı, karma ve akneye eğilimli ciltlere özel %97 doğal içerik ile formüle edilmiş vegan serum, Nordic Meadowsweet Bitkisi Özü ve Kutup Altın Kök bitkisi Özü'yle sebumu dengelemeye, cildi rahatlatmaya ve kızarıklık görünümünü azaltmaya destek olur. Niasinamid ve Çinko Glukonat ile parlamanın ve geniş gözenek görünümün azalmasına yardımcı olur.||https://static.ticimax.cloud/cdn-cgi/image/width=76,quality=85/53520/uploads/urunresimleri/buyuk/balancing-daily-serum-30-ml-df24-4.jpeg||none||none||none||CİLT BAKIM ÜRÜNLERİ > SERUM > Sebum Dengeleyici Serum||LUMENE||1.160,00
P-2403||Balancing Light Moisturizer 50 ML||Yağlı, karma ve akneye eğilimli ciltlere özel formüle edilmiş tamamen vegan %96 doğal formülü ile ağır bir his bırakmadan cildin optimum şekilde nemlenmesine, düzenli kullanımla gözeneklerin sıkılaşmasına ve kızarıklık görünümünün düzenlenmesine yardımcı olur. Ciltteki parlamanın kontrol altına alınmasını destekler.||https://static.ticimax.cloud/cdn-cgi/image/width=76,quality=85/53520/uploads/urunresimleri/buyuk/balancing-light-moisturizer-50-ml--5fffd.jpeg||none||none||none||CİLT BAKIM ÜRÜNLERİ > KREM > Sebum Dengeleyici Su Bazlı Nemlendirici||LUMENE||965,00
P-2630||Balancing Sedative Gel med - 30 ml||Hızlıca normalleştiren, dengeleyici ve yatıştırıcı fonksiyon preparatı.Özellikle meyve asidi uygulaması sonrası cildin pH değerini nötrleştirir. Özelliği: Balancing Sedative Gel Med İçeriğindeki Pentavitin ile yatıştırıcı ve dengeleyici etki gösterir. Gliserin- cildi yumuşak ve kadifemsi yapar. Sodyum bikarbonat ile asit fazlalıklarını nötrleştirir. Etken maddenin emilimini arttırır. Yeni hücre oluşumunu harekete geçirir. Çizgi ve kırışıklıkları azaltır.||https://static.ticimax.cloud/cdn-cgi/image/width=76,quality=85/53520/uploads/urunresimleri/buyuk/balancing-sedative-gel-med-30-ml-4f44-4.jpeg||none||none||none||CİLT BAKIM ÜRÜNLERİ > JEL > Dengeleyici ve Yatıştırıcı Fonksiyon Preparatı||MSB||2.931,00
P-3596||Barrier Repair 30 ML||Kadifemsi yapılı nemlendirici, bariyeri zarar görmüş hassas cildi güçlendirir. Bu susuz formüllü nemlendiriciyi tonikten sonra cilt stresinin tetikleyicilerine karşı cildi korumak için kullanın. Bize özel UltraCalmingTM Complex'in içerdiği Yulaf ve bitkisel aktifler ciltteki rahatsızlık hissini azaltmaya yardımcı olur. ÇuhaÇiçeği Yağı, Hodan Tohum Yağı ve Vitamin C ve E, cilt bariyerini güçlendirmeye ve serbest radikallere karşı cildi korumaya yardımcı olur.||https://static.ticimax.cloud/cdn-cgi/image/width=76,quality=85/53520/uploads/urunresimleri/buyuk/barrier-repair-30-ml-9c22-4.jpeg||none||none||none||CİLT BAKIM ÜRÜNLERİ > KREM > Kızarık, Hassas ve Nemsiz Ciltler İçin||DERMALOGICA||2.700,00
P-2053||Basic Lip-ID - 7,5 ml||Mükemmel bakımlı dudaklar için vazgeçilmez Dudak Balsamı.||https://static.ticimax.cloud/cdn-cgi/image/width=76,quality=85/53520/uploads/urunresimleri/buyuk/basic-lip-id-75-ml-37-3c4.jpeg||none||none||none||CİLT BAKIM ÜRÜNLERİ > DUDAK BAKIMI > Dudaklar İçin Yenileyici Balsam||MBR||2.413,00
P-0576||Beauty - Hyaluron HY+ Perf. Serum 30 ML||Yoğun nem ihtiyacı olan tüm ciltler için nem serumudur. İçeriğinde yüksek moleküler Hyalüronik Asit, Glucoside ve Vitamin E içerir. Cildin hyalüronik asit sentezini destekler ve cildin nem tutma kapasitesini arttırır. Ciltteki pürüzlü yapının giderilmesine yardımcı olur.||https://static.ticimax.cloud/cdn-cgi/image/width=76,quality=85/53520/uploads/urunresimleri/buyuk/beauty-hyaluron-hy-perf.-serum-30-ml-91f-4c.jpeg||none||none||none||CİLT BAKIM ÜRÜNLERİ > SERUM > Tüm Ciltler İçin Onarıcı Anti-Aging Serum||SCHRAMMEK||3.160,00
P-0185||Beauty - Resvera Cell Concentrate 30 ML||Tüm cilt tipleri için onarıcı ve anti-aging özelliği olan ve içeriğinde Resveratrol, C vitamini ve Silanole bulunduran bir serumdur. Cilt hücre ömrünü uzatır, elastikiyeti, sıkılığı arttırır. Kolajen sentezini destekler ve serbest radikallere karşı cildi korur.||https://static.ticimax.cloud/cdn-cgi/image/width=76,quality=85/53520/uploads/urunresimleri/buyuk/beauty-resvera-cell-concentrate-30-ml-4d3e-8.jpeg||none||none||none||CİLT BAKIM ÜRÜNLERİ > SERUM > Tüm Ciltler İçin Onarıcı Anti-Aging Serum||SCHRAMMEK||3.660,00
P-0089||Beauty - Skin Elixier 50 ML||İçerisinde C vitamini, Buğday Tohumu Yağı ve ekstresi, Allantoin, Panthenol, Aloe Vera yer alır. Kuru ciltlere maksimum değerde nem sağlar ve yüzde yeni çizgilerin oluşmasını engeller. Vitamin açısından zengin içeriği ile cilde antioksidan etkisi yaratır.||https://static.ticimax.cloud/cdn-cgi/image/width=76,quality=85/53520/uploads/urunresimleri/buyuk/beauty-skin-elixier-50-ml-b7-81f.jpeg||none||none||none||CİLT BAKIM ÜRÜNLERİ > SERUM > Aşırı Kuru ve Hasarlı Ciltler İçin Anti-Aging Serum||SCHRAMMEK||3.675,00
P-0009||Beauty - Vitamin C Beauty Flash (3*0.75ml)||Pürüzsüzleştirici, sıkılaştırıcı, yenileyici antioksidan etkiler sunar ve cildi zararlı çevresel etkilere karşı korur. Hiperpigmantasyonu azaltmaya yardımcı olurken, ciltte elastikiyet kaybının ve kırışıklıklarının giderilmesine destek olur.||https://static.ticimax.cloud/cdn-cgi/image/width=76,quality=85/53520/uploads/urunresimleri/buyuk/beauty-vitamin-c-beauty-flash-30.75ml-f6-6d4.jpeg||none||none||none||CİLT BAKIM ÜRÜNLERİ > SERUM > C Vitamini İçeren Serum||SCHRAMMEK||4.300,00
P-1439||Beauty-White Lightening Concentrate 30 ML||Arındırıcı özelliklere sahip bitki özleri açısından zengin olan bu yüksek konsantrasyonlu aydınlatıcı serum, koyu lekeleri hafifletir, oluşumlarını önler ve ten rengini düzeltir. Bu serum, cildi birleştirirken ışıltıyı geri kazandırarak epidermisi yavaş yavaş aydınlatır.||https://static.ticimax.cloud/cdn-cgi/image/width=76,quality=85/53520/uploads/urunresimleri/buyuk/beauty-white-lightening-concentrate-30--9352-.jpeg||none||none||none||CİLT BAKIM ÜRÜNLERİ > SERUM > Aydınlatma||BELLEFONTAINE S.||1
P-2035||Beta Enzyme - 100 ml||Cilt yapısının hedeflenen iyileştirilmesi ve uzun süreli nemlendirme için papain enzim kompleksi ile kombinasyon halinde hafif hidroksi asitlere dayalı etkili bir bakım jeli.||https://static.ticimax.cloud/cdn-cgi/image/width=76,quality=85/53520/uploads/urunresimleri/buyuk/beta-enzyme-100-ml--be19-.jpeg||none||none||none||CİLT BAKIM ÜRÜNLERİ > JEL > Cilt Yapısını İyileştiren Bakım Jeli||MBR||7.107,00
P-2036||Beta Enzyme - 30 ml||Cilt yapısının hedeflenen iyileştirilmesi ve uzun süreli nemlendirme için papain enzim kompleksi ile kombinasyon halinde hafif hidroksi asitlere dayalı etkili bir bakım jeli.||https://static.ticimax.cloud/cdn-cgi/image/width=76,quality=85/53520/uploads/urunresimleri/buyuk/beta-enzyme-30-ml-faf-42.jpeg||none||none||none||CİLT BAKIM ÜRÜNLERİ > JEL > Cilt Yapısını İyileştiren Bakım Jeli||MBR||3.294,00
P-2034||Beta Enzyme - 50 ml||Cilt yapısının hedeflenen iyileştirilmesi ve uzun süreli nemlendirme için papain enzim kompleksi ile kombinasyon halinde hafif hidroksi asitlere dayalı etkili bir bakım jeli.||https://static.ticimax.cloud/cdn-cgi/image/width=76,quality=85/53520/uploads/urunresimleri/buyuk/beta-enzyme-50-ml-6-b793.jpeg||none||none||none||CİLT BAKIM ÜRÜNLERİ > JEL > Cilt Yapısını İyileştiren Bakım Jeli||MBR||4.148,00
P-2743||BI-FALLS 60 ML||Yağlı film tabakası yok.Yepyeni bir görünüm! Bu nazik makyaj temizleyicisinin göz çevresinde kullanımı güvenlidir ve en inatçı makyajı ortadan kaldırır. Cildi yumuşatır ve hassas bölgelere özen gösterir, suya dayanıklı formüllerde kullanılabilir. Tüm kalıntılardan arınmış, taze görünen ve ertesi gün yenilenen bir cilt. Tüm cilt tipleri için uygundur.||https://static.ticimax.cloud/cdn-cgi/image/width=76,quality=85/53520/uploads/urunresimleri/buyuk/bi-falls-60-ml-6c-765.jpeg||none||none||none||CİLT BAKIM ÜRÜNLERİ > TEMİZLEME > Çift Fazlı Makyaj Temizleme Solüsyonu||VALMONT||2.150,00
P-1080||BIOKISS 15 ml||Biokiss, kuru dudakları besleyen ve pul pul dökülmeyi veya çatlamayı yumuşatan olağanüstü bir yenileyici balsamdır. Antioksidan ve yatıştırıcı özellikleri dudakları çevresel hasarlardan koruyarak onları daha rahat ve yumuşak tutar.||https://static.ticimax.cloud/cdn-cgi/image/width=76,quality=85/53520/uploads/urunresimleri/buyuk/biokiss-15-ml-ea131-.jpeg||none||none||none||CİLT BAKIM ÜRÜNLERİ > DUDAK BAKIMI > Dudaklar İçin Yenileyici Balsam||1
P-3618||BioLumin-C Gel Moisturizer 50 ML||Günlük aydınlatıcı jel nemlendirici, ciltte ağırlık hissi yaratmadan cilde nem sağlar ve cilt ışıltısını artırarak cildin daha iyi görünmesini destekler. Stabil C Vitamini kompleksi, yeniden aktifleştirici teknoloji ile birlikte, C Vitamininin biyoyararlanımını destekleyerek, cilt ışıltısını ve nem kaybına karşı cilt bariyerini güçlendirmeye yardımcı olur. Skualen ve beş farklı tipte Hyaluronik Asit türü içeren antioksidan bakımından zengin bu formül, ince çizgilerin ve kırışıklıkların görünümünü en aza indirmek için, cilde ihtiyacı olan nemi sağlar. Verbascum Özü , cildi anında aydınlatıcı özelliğe sahiptir. Fitik Asit ve Balkabağı Enzimleri eksfoliasyon özelliği ile cildin doğal yenilenme sürecini desteklemeye yardımcı olur.||https://static.ticimax.cloud/cdn-cgi/image/width=76,quality=85/53520/uploads/urunresimleri/buyuk/biolumin-c-gel-moisturizer-50-ml-c07-4f.jpeg||none||none||none||CİLT BAKIM ÜRÜNLERİ > JEL > C Vitamini Nemlendirici Jel||3.780,00
P-3616||BioLumin-C Serum 30 ML||Cildi aydınlatmak ve sıkılaştırmak için cildin doğal savunması ile birlikte çalışan yüksek performanslı bu serum, ince çizgilerin ve kırışıklıkların görünümünü azaltmaya yardımcı olur. Gelişmiş biyo-teknoloji ve ultra kararlı bir C Vitamini kompleksi sinerjistik olarak çalışarak, oksidatif stresle savaşır ve cilt yaşlanmasını oluşmadan önce engellemek için C Vitamininin biyoyararlanımını artırır. Bir peptit ve AHA ile kombine edilmiş bir taşıma sistemi, daha parlak, daha sıkı ve daha ışıltılı bir cilt için cildi yeniler.||https://static.ticimax.cloud/cdn-cgi/image/width=76,quality=85/53520/uploads/urunresimleri/buyuk/biolumin-c-serum-30-ml-5d0e53.jpeg||none||none||none||CİLT BAKIM ÜRÜNLERİ > SERUM > C Vitamini Serum||DERMALOGICA||4.620,00
P-1028||Biomagic Mask 100 ML||https://static.ticimax.cloud/cdn-cgi/image/width=76,quality=85/53520/uploads/urunresimleri/buyuk/biomagic-mask-100-ml-6c7e5f.jpeg||none||none||none||CİLT BAKIM ÜRÜNLERİ > MASKE > Enerji Veren Yüz Maskesi||1
P-0573||Biphasic Make Up Remover (BMR) 200 ML||BMR makyaj temizleme solüsyonu, esans ve yağ fazlarından oluşur, çift fazlı formülasyonu sayesinde dudak ve göz makyajınızı nazikçe temizlemeye yardımcı olur. İçerisinde bulunan peptit yapılar sayesinde makyajı temizlerken bir yandan da cildin yapılandırılmasını, kirpiklerin beslenmesini ve göz çevrenizdeki ince kırışıklıkların giderilmesini destekler. Yağ fazı suya dayanıklı makyajı ve tüm makyaj kalıntılarını cildi tahriş etmeden nazik bir şekilde arındırmayı sağlar.||https://static.ticimax.cloud/cdn-cgi/image/width=76,quality=85/53520/uploads/urunresimleri/buyuk/biphasic-make-up-remover-bmr-200-ml-7-e211.jpeg||none||none||none||CİLT BAKIM ÜRÜNLERİ > LOSYON > Çift Fazlı Makyaj Temizleme Solüsyonu||GENOSYS||1
P-2618||Black Cleaning Mask 21 - 50 ml||Cildin daha küçük gözenekler görünmesini sağlar.||https://static.ticimax.cloud/cdn-cgi/image/width=76,quality=85/53520/uploads/urunresimleri/buyuk/black-cleaning-mask-21-50-ml--8e5b-.jpeg||none||none||none||CİLT BAKIM ÜRÜNLERİ||21 TRANSDERMAL||6.135,00
P-2619||Black Detox Mask 21 - 50 ml||Cilde daha temiz ve pürüzsüz bir görünüm kazandırır.||https://static.ticimax.cloud/cdn-cgi/image/width=76,quality=85/53520/uploads/urunresimleri/buyuk/black-detox-mask-21-50-ml-1d380-.jpeg||none||none||none||CİLT BAKIM ÜRÜNLERİ||21 TRANSDERMAL||6.466,00
P-2620||Black Hydrating Mask 21 - 50 ml||Cilde ferahlık hissi verir.||https://static.ticimax.cloud/cdn-cgi/image/width=76,quality=85/53520/uploads/urunresimleri/buyuk/black-hydrating-mask-21-50-ml-7b61-2.jpeg||none||none||none||CİLT BAKIM ÜRÜNLERİ||21 TRANSDERMAL||6.466,00
P-0570||Black Peel Acne Spot 10 ML||Black Peel Akne Spot Solüsyon, gece boyunca cilde bakım yapar ve akne oluşumunun önüne geçmeye çalışır. Yenilikçi formül sayesinde akneye meyilli ciltlerde kullanıma uygundur. Siyah pirincin fermantasyonuyla oluşan siyah asetik asit, potasyum iodide ve salisilik asite iyi bir alternatif olan yasemin asiti de formülde yer almaktadır.||https://static.ticimax.cloud/cdn-cgi/image/width=76,quality=85/53520/uploads/urunresimleri/buyuk/black-peel-acne-spot-10-ml-41ab01.jpeg||none||none||none||CİLT BAKIM ÜRÜNLERİ > SERUM > Akne Tedavisi||THERADERM||1
P-0577||Blemish Balm Cream (BBC) 50 ML||Renkli güneş koruyucu krem, cildinizi UVA ve UVB ışınlarına karşı korumaya yardımcı balm kremdir. İçeriğindeki arbutin ile lekelerin oluşmasını önlemeye yardımcı olur. Ayrıca cilt rengine uyumlu renkli yapısı ile cildi pürüzsüzleştirmeye, daha parlak ve canlı görünmesine destek verir. Renkli yapısını demir oksitten alır.||https://static.ticimax.cloud/cdn-cgi/image/width=76,quality=85/53520/uploads/urunresimleri/buyuk/bbc-blemish-balm-cream-50-gr-0-4179.jpeg||none||none||none||CİLT BAKIM ÜRÜNLERİ > BB KREM > Leke Önleyici Güneş Kremi||1
P-0569||Blemish+Age Defense 30 ML||Blemish + Age Defense, salisilik asit, diyoik asit içeren formülü ile daha parlak bir cilt görünümü kazandırır. Olgun ve problemli ciltler için salisilik asit içeren, yaşlanma karşıtı serum.||https://static.ticimax.cloud/cdn-cgi/image/width=76,quality=85/53520/uploads/urunresimleri/buyuk/blemishage-defense-30-ml-8c45e3.jpeg||none||none||none||CİLT BAKIM ÜRÜNLERİ > SERUM > Akneye Eğilimli Ciltler İçin Yaşlanma Karşıtı Düzeltici Serum||SKINCEUTICALS||4.800,00
P-2062||Blue-Light Power Cream - 50 ml||https://static.ticimax.cloud/cdn-cgi/image/width=76,quality=85/53520/uploads/urunresimleri/buyuk/blue-light-power-cream-50-ml-9-71c5.jpeg||none||none||none||CİLT BAKIM ÜRÜNLERİ > KREM > Mavi Işık Filtreli Yüz Kremi||21.408,00
P-2606||Body Polisher 21 - 200 ml||Birikintileri ve ölü cilt hücrelerini çözer.||https://static.ticimax.cloud/cdn-cgi/image/width=76,quality=85/53520/uploads/urunresimleri/buyuk/body-polisher-21-200-ml-bd1-3e.jpg||none||none||none||CİLT BAKIM ÜRÜNLERİ||21 TRANSDERMAL||8.967,00
P-2605||Body Smoother 21 - 200 ml||Cilt bariyer fonksiyonunu iyileştirir ve ışığın neden olduğu cilt yaşlanmasına karşı koruma sağlar.||https://static.ticimax.cloud/cdn-cgi/image/width=76,quality=85/53520/uploads/urunresimleri/buyuk/body-smoother-21-200-ml-8-dfd4.jpeg||none||none||none||CİLT BAKIM ÜRÜNLERİ||9.882,00
P-2603||Body Tuning 21 - 200 ml||Cilt bariyer fonksiyonunu iyileştirir ve ışığın neden olduğu cilt yaşlanmasına karşı koruma sağlar.||https://static.ticimax.cloud/cdn-cgi/image/width=76,quality=85/53520/uploads/urunresimleri/buyuk/body-tuning-21-200-ml-4fb2-a.jpeg||none||none||none||CİLT BAKIM ÜRÜNLERİ||21 TRANSDERMAL||11.529,00
P-2591||Booster Effect Serum 21 - 30 ml||Yenilikçi peptit kompleksi ve mikro proteinler içeren yaşlanma karşıtı serum. Cildi görülür ve hissedilir şekilde anında yumuşatır ve sıkılaştırır. Özellikler; Doğal hücre gelişimini hızlandırır. Cilde esneklik kazandırır. Hücreleri güçlendirir. Çizgileri ve kırışıklıkları azaltır, cilde pürüzsüz ve ışıltılı bir görünüm verir. Nem kaybını önler ve uzun süreli nemlendirme sağlar. Anında emilerek cilde yumuşak bir dokunuş sağlar. Paraben, koruyucu ve renklendirici içermez. Uygulama; Gündüz ve akşam uygulayın. Cildi temizledikten sonra 4-6 damla Booster Effect Serum 21 ‘i yüzünüze, boynunuza ve dekolte bölgenize nazik masaj hareketleriyle uygulayın. Ardından günlük bakım ürünlerinizi kullanabilirsiniz.||https://static.ticimax.cloud/cdn-cgi/image/width=76,quality=85/53520/uploads/urunresimleri/buyuk/booster-effect-serum-21-30-ml-baf6-a.jpeg||none||none||none||CİLT BAKIM ÜRÜNLERİ > SERUM||21 TRANSDERMAL||9.308,00
P-0557||Brightalive 30 ML||Retinol içermeyen bu krem hassas ciltler için idealdir. Cildinizi rahatlatır, cilt tonunu dengeler, koyu noktaları engeller ve cildinize tem kazandırır||https://static.ticimax.cloud/cdn-cgi/image/width=76,quality=85/53520/uploads/urunresimleri/buyuk/brightalive-30-ml-c-109a.jpeg||none||none||none||CİLT BAKIM ÜRÜNLERİ > KREM > Aydınlatıcı Yüz Kremi||ZO SKIN HEALTH||4.600,00
P-0560||Brightalive 50 ML||Retinol içermeyen bu krem hassas ciltler için idealdir. Cildinizi rahatlatır, cilt tonunu dengeler, koyu noktaları engeller ve cildinize tem kazandırır||https://static.ticimax.cloud/cdn-cgi/image/width=76,quality=85/53520/uploads/urunresimleri/buyuk/brightalive-50-ml-5afb42.jpeg||none||none||none||CİLT BAKIM ÜRÜNLERİ > KREM > Aydınlatıcı Yüz Kremi||ZO SKIN HEALTH||7.100,00
P-2495||Brightening Complex 30 GR||Brightening Complex, faydalı nemlendirme özellikleriyle cildin görünümünü güvenli ve etkili bir şekilde aydınlatarak ayırt edici bir formül sunan nemlendiricidir.||https://static.ticimax.cloud/cdn-cgi/image/width=76,quality=85/53520/uploads/urunresimleri/buyuk/brightening-complex-30-gr-1-e947.jpeg||none||none||none||CİLT BAKIM ÜRÜNLERİ > SERUM > Aydınlatıcı Serum||IS CLINICAL||6.449,00
P-2390||Brightening Day Fluid Mineral SPF30 50 ML||İçeriğindeki Çinko Oksit sayesinde UVA ve UVB güneş ışınlarına karşı doğal mineral koruma sağlarken, antioksidan zengini Arctic Cloudberry ve C Vitamini ile cildin ışıltısını arttırmaya yardımcı olur. Kalıntı bırakmadan kolayca uygulanan %91 doğal formülü tüm cilt tiplerine uygundur.||https://static.ticimax.cloud/cdn-cgi/image/width=76,quality=85/53520/uploads/urunresimleri/buyuk/brightening-day-fluid-mineral-spf30-50-f950-4.jpeg||none||none||none||CİLT BAKIM ÜRÜNLERİ > GÜNEŞ KORUMA > Vitamin-C Aydınlatıcı & Leke Karşıtı Nemlendirici SPF 30||1.165,00
P-2480||Brightening Serum 15 ML||Aydınlatıcı Serum, pürüzlü cilt tonunun görünümünü güvenli bir şekilde azaltırken, soyulmadan önemli ölçüde kontrollü eksfoliasyon sağlayan güçlü bir formüldür||https://static.ticimax.cloud/cdn-cgi/image/width=76,quality=85/53520/uploads/urunresimleri/buyuk/brightening-serum-15-ml-8-c1c2.jpeg||none||none||none||CİLT BAKIM ÜRÜNLERİ > SERUM > Aydınlatıcı Serum||IS CLINICAL||3.512,00
P-2481||Brightening Serum 30 ML||Aydınlatıcı Serum, pürüzlü cilt tonunun görünümünü güvenli bir şekilde azaltırken, soyulmadan önemli ölçüde kontrollü eksfoliasyon sağlayan güçlü bir formüldür||https://static.ticimax.cloud/cdn-cgi/image/width=76,quality=85/53520/uploads/urunresimleri/buyuk/brightening-serum-30-ml-66d2-d.jpeg||none||none||none||CİLT BAKIM ÜRÜNLERİ > SERUM > Aydınlatıcı Serum||IS CLINICAL||5.904,00
P-3639||BRIGHTNESS REVEALING MASK 50 ML||Anında ışıltı için donuk veya yorgun bir cilt için mükemmeldir. Daha derin katmanları nemlendirerek kan dolaşımını hızlandırır ve ilk uygulamadan sonra cildi içten dışa ferahlatır.||https://static.ticimax.cloud/cdn-cgi/image/width=76,quality=85/53520/uploads/urunresimleri/buyuk/brightness-revealing-mask-50-ml-c2f2df.jpeg||https://static.ticimax.cloud/cdn-cgi/image/width=76,quality=85/53520/uploads/urunresimleri/buyuk/brightness-revealing-mask-50-ml-e3b5-4.jpeg||none||none||CİLT BAKIM ÜRÜNLERİ > MASKE > Aydınlatıcı ve Yenileyici Maske||MARGY'S||6.300,00
P-0554||Broad Spectrum SPF50 118 GR||ZOX12™ bileşeniyle, hafif ve nazik mineralli güneş kremidir. Zararlı ışınlardan cildi korur.||https://static.ticimax.cloud/cdn-cgi/image/width=76,quality=85/53520/uploads/urunresimleri/buyuk/broad-spectrum-spf50-118-gr-d5916b.jpeg||none||none||none||CİLT BAKIM ÜRÜNLERİ > GÜNEŞ KORUMA > Hassas ve Kuru Ciltler İçin Güneş Koruyucu||3.700,00
P-2742||BUBBLE FALLS 150 ML||Cildi nazikçe temizler ve arındırır Cildi temizler ve cildi her türlü kalıntı ve kirden kurtarır. Arındırıcı, köpüren bir deneyim! Bulut kadar hafif olan bu köpük, cildin doğal dengesini desteklerken yüzü de temizler. Rafine cilt dokusu ve ışıltı için yüzdeki aşırı sebum üretimini kontrol eder. Karma dahil tüm cilt tipleri, cildi okşayan bu nazikçe köpüren dokuyu takdir eder.||https://static.ticimax.cloud/cdn-cgi/image/width=76,quality=85/53520/uploads/urunresimleri/buyuk/bubble-falls-150-ml-29d375.jpeg||none||none||none||CİLT BAKIM ÜRÜNLERİ > KÖPÜK > Canlandırıcı Temizleme Köpüğü||VALMONT||2.450,00
P-0548||C E Ferulic 30 ML||Kırışıklık görünümü ve sıkılık kaybı problemleri için normal ve kuru cilt tiplerine uygun, %15 Saf C vitamini içeren yaşlanma karşıtı antioksidan serum.||https://static.ticimax.cloud/cdn-cgi/image/width=76,quality=85/53520/uploads/urunresimleri/buyuk/c-e-ferulic-30-ml-9a-afb.jpeg||none||none||none||CİLT BAKIM ÜRÜNLERİ > SERUM > Normal ve Kuru Ciltler İçin Antioksidan Serum||SKINCEUTICALS||7.550,00
P-0525||C FX C-Clarifying Serum 30 ML||Daha parlak bir cilt için cilt yaşlanmasının görünümünü en aza indirmeye yardımcı olmak için %4 Arbutin ve %10 L-Askorbik Asit ile formüle edilmiştir. Melanozom aktivitesini azaltır, aşarı melanin oluşumunu engeller.||https://static.ticimax.cloud/cdn-cgi/image/width=76,quality=85/53520/uploads/urunresimleri/buyuk/c-fx-c-clarifying-serum-30-ml-322420.jpeg||none||none||none||CİLT BAKIM ÜRÜNLERİ > SERUM > Aydınlatıcı Serum||OBAGI||5.226,00
P-0524||C FX C-Therapy Night Cream 57 GR||Cildi aydınlatan Arbutin, C Vitamini ve E Vitamini içeren zengin bir nemlendiricidir. Cildin doğal yenilenme döngüsünü en iyi duruma getirir ve güçlü bir antioksidan tedavisi sunar.||https://static.ticimax.cloud/cdn-cgi/image/width=76,quality=85/53520/uploads/urunresimleri/buyuk/c-fx-c-therapy-night-cream-57-gr-30-41a.jpeg||none||none||none||CİLT BAKIM ÜRÜNLERİ > KREM > Aydınlatıcı Gece Kremi||5.226,00
P-0547||C Plus Peptide Cream 40 ML||Ciltteki lekeyi önlemeye yardımcıdır. İçeriğindeki peptitlerle cildi nemlendirir. İpeksi ve hafif dokusu sayesinde cilde parlaklık ve nem verir. Bitkisel kaynaklı L-askorbik asit ve magnezyum askorbil fosfat sayesinde lekelerin önlenmesine yardımcı olur. İçerdiği kolajen sayesinde cildi destekler.||https://static.ticimax.cloud/cdn-cgi/image/width=76,quality=85/53520/uploads/urunresimleri/buyuk/c-plus-peptide-cream-40-ml-4-4c08.jpeg||none||none||none||CİLT BAKIM ÜRÜNLERİ > KREM > Onarıcı, Renk Açıcı, Aydınlatıcı ve Yoğun Nemlendirici||THERADERM||1
P-0650||10% Vitamin C Self Activating 50 ML||Yaşlanma karşıtı olan bu ürün cildinize optimal dozda C vitamini sağlarken, daha pürüzsüz bir cilt tonu sunar. İnce çizgi ve kırışıklıkları önler, daha pürüzsüz bir cilt için çalışır.||https://static.ticimax.cloud/cdn-cgi/image/width=76,quality=85/53520/uploads/urunresimleri/buyuk/10-vitamin-c-self-activating-50-ml-a258-4.jpeg||none||none||none||CİLT BAKIM ÜRÜNLERİ > SERUM > Vitamin C %10||5.300,00
P-1752||8 - Flower Golden Nectar Youth Renewing 30ML||Faydaları: Tüm cilt tiplerine uygun aromatik bakım Yalancı iğde yağı, 24 ayar altın tanecikleri ve 20'den fazla esansiyel yağ bulundurur. Cildi besler, nemlendirir ve çizgi görünümünün azalmasına yardımcı olur. İçinde bulunan 24 ayar altın taneciklerinin cilt yüzeyine yayılmasıyla anında aydınlatıcı etkisini gösterir, cildin canlı görünüm kazanmasını destekler. Kullanımı: Gece&Gündüz. Kullanmadan önce çalkalayınız Botanik İçerikler: Lavanta, Neroli, Gül, Ylang Ylang, Yasemin, Ölmez Çiçek, İris, Paçuli, Macadamia, Beyaz Çayır Köpüğü, Jojoba, Yalancı İğde, Eşek Otu, Kırkbatıran||https://static.ticimax.cloud/cdn-cgi/image/width=76,quality=85/53520/uploads/urunresimleri/buyuk/8-flower-golden-nectar-youth-renewing--ad6-96.jpeg||none||none||none||CİLT BAKIM ÜRÜNLERİ > BAKIM YAĞI > Altın Tanecikli Aromatik Bakım Yağı||DARPHIN||4.749,00
P-1253||AC Clear Cream 50ml||Yağlı ve problemleri için mükemmel bir yatıştırıcı, sakinleştrici ve inflamatuvar etkisi yaratır. İçindeki salisilik asit sayesinde cildi hafif soyar bu sayede derinin üst tabakasını yumuşatır ve tıkanmış follikülleri açarak komedonların temizlenmesini sağlar. Ayrıca gözenekleri daraltır ve yağlı sebum salgısının dengelenmesine yardım eder.||https://static.ticimax.cloud/cdn-cgi/image/width=76,quality=85/53520/uploads/urunresimleri/buyuk/ac-clear-cream-50ml-fd3-42.jpeg||none||none||none||CİLT BAKIM ÜRÜNLERİ > KREM > Akneli Ciltler İçin Krem||FORLLED||1
P-0628||AC Recovery 30 ML||A.C. Recovery, pH Formula cilt yenileme bakımlarıyla uyum içinde çalışması için özel olarak formüle edilmiştir.||https://static.ticimax.cloud/cdn-cgi/image/width=76,quality=85/53520/uploads/urunresimleri/buyuk/ac-recovery-30-ml-0-502a.jpeg||none||none||none||CİLT BAKIM ÜRÜNLERİ > KREM > Problemli Cilt Gündüz/Gece Kremi||PH FORMULA||1
P-0627||AC Resurfacing Kit (4 Ürün)||A.C. Recovery, pH Formula cilt yenileme bakımlarıyla uyum içinde çalışması için özel olarak formüle edilmiştir.||https://static.ticimax.cloud/cdn-cgi/image/width=76,quality=85/53520/uploads/urunresimleri/buyuk/ac-resurfacing-kit-4-urun-c59f1-.jpeg||none||none||none||CİLT BAKIM ÜRÜNLERİ > KIT PROGRAM > Akne Karşıtı Ev Bakım Kiti||PH FORMULA||1
